n,eltype,nb,locs,bs,threads,time_ms,impl
20,Float32,2,low,8,1,1.3282129999999999,VQC
20,Float32,2,low,8,1,2.181355,Yao
20,Float32,2,mid,8,1,3.372273,VQC
20,Float32,2,mid,8,1,2.112305,Yao
20,Float32,2,high,8,1,2.031461,VQC
20,Float32,2,high,8,1,1.619378,Yao
20,Float32,2,spread,8,1,2.379184,VQC
20,Float32,2,spread,8,1,1.462499,Yao
20,Float32,3,low,8,1,2.976702,VQC
20,Float32,3,low,8,1,1.879532,Yao
20,Float32,3,mid,8,1,3.874381,VQC
20,Float32,3,mid,8,1,3.9634070000000006,Yao
20,Float32,3,high,8,1,2.448866,VQC
20,Float32,3,high,8,1,1.995129,Yao
20,Float32,3,spread,8,1,2.939269,VQC
20,Float32,3,spread,8,1,2.901746,Yao
20,Float32,4,low,8,1,3.4766150000000002,VQC
20,Float32,4,low,8,1,5.484796,Yao
20,Float32,4,mid,8,1,4.712121,VQC
20,Float32,4,mid,8,1,5.12772,Yao
20,Float32,4,high,8,1,4.123417,VQC
20,Float32,4,high,8,1,4.062394,Yao
20,Float32,4,spread,8,1,3.52212,VQC
20,Float32,4,spread,8,1,4.164308999999999,Yao
20,Float64,2,low,8,1,3.462471,VQC
20,Float64,2,low,8,1,1.187734,Yao
20,Float64,2,mid,8,1,2.353736,VQC
20,Float64,2,mid,8,1,2.44244,Yao
20,Float64,2,high,8,1,1.8404230000000001,VQC
20,Float64,2,high,8,1,2.0817259999999997,Yao
20,Float64,2,spread,8,1,3.404402,VQC
20,Float64,2,spread,8,1,3.418715,Yao
20,Float64,3,low,8,1,3.076838,VQC
20,Float64,3,low,8,1,4.652634999999999,Yao
20,Float64,3,mid,8,1,4.064944,VQC
20,Float64,3,mid,8,1,4.0858609999999995,Yao
20,Float64,3,high,8,1,2.433002,VQC
20,Float64,3,high,8,1,2.750831,Yao
20,Float64,3,spread,8,1,3.0348900000000003,VQC
20,Float64,3,spread,8,1,2.3702699999999997,Yao
20,Float64,4,low,8,1,5.042597000000001,VQC
20,Float64,4,low,8,1,4.934033,Yao
20,Float64,4,mid,8,1,4.337601,VQC
20,Float64,4,mid,8,1,6.562305,Yao
20,Float64,4,high,8,1,5.891401999999999,VQC
20,Float64,4,high,8,1,4.554023,Yao
20,Float64,4,spread,8,1,3.667107,VQC
20,Float64,4,spread,8,1,4.651016,Yao
20,ComplexF32,2,low,8,1,4.4578999999999995,VQC
20,ComplexF32,2,low,8,1,4.558527,Yao
20,ComplexF32,2,mid,8,1,5.433825,VQC
20,ComplexF32,2,mid,8,1,3.898702,Yao
20,ComplexF32,2,high,8,1,3.241965,VQC
20,ComplexF32,2,high,8,1,3.763952,Yao
20,ComplexF32,2,spread,8,1,3.2387219999999997,VQC
20,ComplexF32,2,spread,8,1,4.4474160000000005,Yao
20,ComplexF32,3,low,8,1,6.765544,VQC
20,ComplexF32,3,low,8,1,8.714699,Yao
20,ComplexF32,3,mid,8,1,7.0720469999999995,VQC
20,ComplexF32,3,mid,8,1,7.616446,Yao
20,ComplexF32,3,high,8,1,6.040119,VQC
20,ComplexF32,3,high,8,1,6.508204,Yao
20,ComplexF32,3,spread,8,1,6.782751,VQC
20,ComplexF32,3,spread,8,1,7.15031,Yao
20,ComplexF32,4,low,8,1,17.294145,VQC
20,ComplexF32,4,low,8,1,29.429336,Yao
20,ComplexF32,4,mid,8,1,18.360208,VQC
20,ComplexF32,4,mid,8,1,20.912177,Yao
20,ComplexF32,4,high,8,1,15.938955000000002,VQC
20,ComplexF32,4,high,8,1,18.687166,Yao
20,ComplexF32,4,spread,8,1,16.524786,VQC
20,ComplexF32,4,spread,8,1,19.116575,Yao
20,ComplexF64,2,low,8,1,4.908002,VQC
20,ComplexF64,2,low,8,1,9.239969,Yao
20,ComplexF64,2,mid,8,1,5.283747,VQC
20,ComplexF64,2,mid,8,1,5.686218,Yao
20,ComplexF64,2,high,8,1,5.686951,VQC
20,ComplexF64,2,high,8,1,6.461462,Yao
20,ComplexF64,2,spread,8,1,6.131743999999999,VQC
20,ComplexF64,2,spread,8,1,6.128744,Yao
20,ComplexF64,3,low,8,1,8.772912000000002,VQC
20,ComplexF64,3,low,8,1,9.395693999999999,Yao
20,ComplexF64,3,mid,8,1,7.9591650000000005,VQC
20,ComplexF64,3,mid,8,1,7.343226,Yao
20,ComplexF64,3,high,8,1,7.244648000000001,VQC
20,ComplexF64,3,high,8,1,7.7103340000000005,Yao
20,ComplexF64,3,spread,8,1,7.703463,VQC
20,ComplexF64,3,spread,8,1,9.184764,Yao
20,ComplexF64,4,low,8,1,13.201665,VQC
20,ComplexF64,4,low,8,1,15.064499999999999,Yao
20,ComplexF64,4,mid,8,1,16.532001,VQC
20,ComplexF64,4,mid,8,1,14.144289,Yao
20,ComplexF64,4,high,8,1,12.749928,VQC
20,ComplexF64,4,high,8,1,14.799914000000001,Yao
20,ComplexF64,4,spread,8,1,12.085650999999999,VQC
20,ComplexF64,4,spread,8,1,13.972899,Yao
22,Float32,2,low,8,1,8.070238,VQC
22,Float32,2,low,8,1,8.208686,Yao
22,Float32,2,mid,8,1,7.901705,VQC
22,Float32,2,mid,8,1,7.217141,Yao
22,Float32,2,high,8,1,7.1983760000000006,VQC
22,Float32,2,high,8,1,7.00634,Yao
22,Float32,2,spread,8,1,8.872824,VQC
22,Float32,2,spread,8,1,7.180801,Yao
22,Float32,3,low,8,1,11.371153,VQC
22,Float32,3,low,8,1,9.108538,Yao
22,Float32,3,mid,8,1,12.999232,VQC
22,Float32,3,mid,8,1,14.401368,Yao
22,Float32,3,high,8,1,9.717448,VQC
22,Float32,3,high,8,1,10.110508000000001,Yao
22,Float32,3,spread,8,1,10.362226,VQC
22,Float32,3,spread,8,1,9.92901,Yao
22,Float32,4,low,8,1,17.761637,VQC
22,Float32,4,low,8,1,19.396171,Yao
22,Float32,4,mid,8,1,16.654356,VQC
22,Float32,4,mid,8,1,20.327347,Yao
22,Float32,4,high,8,1,16.37216,VQC
22,Float32,4,high,8,1,17.530297,Yao
22,Float32,4,spread,8,1,15.828970000000002,VQC
22,Float32,4,spread,8,1,16.901708000000003,Yao
22,Float64,2,low,8,1,17.785155,VQC
22,Float64,2,low,8,1,18.349016,Yao
22,Float64,2,mid,8,1,11.68524,VQC
22,Float64,2,mid,8,1,10.797787999999999,Yao
22,Float64,2,high,8,1,8.789479,VQC
22,Float64,2,high,8,1,9.425862,Yao
22,Float64,2,spread,8,1,14.817873,VQC
22,Float64,2,spread,8,1,8.194033999999998,Yao
22,Float64,3,low,8,1,14.47861,VQC
22,Float64,3,low,8,1,14.90001,Yao
22,Float64,3,mid,8,1,11.844585,VQC
22,Float64,3,mid,8,1,12.704184999999999,Yao
22,Float64,3,high,8,1,12.084355,VQC
22,Float64,3,high,8,1,12.108209,Yao
22,Float64,3,spread,8,1,11.860470999999999,VQC
22,Float64,3,spread,8,1,12.371237,Yao
22,Float64,4,low,8,1,17.785829,VQC
22,Float64,4,low,8,1,23.327227,Yao
22,Float64,4,mid,8,1,16.941874,VQC
22,Float64,4,mid,8,1,18.554116999999998,Yao
22,Float64,4,high,8,1,17.788319,VQC
22,Float64,4,high,8,1,19.17146,Yao
22,Float64,4,spread,8,1,21.691961,VQC
22,Float64,4,spread,8,1,21.985279,Yao
22,ComplexF32,2,low,8,1,18.794403000000003,VQC
22,ComplexF32,2,low,8,1,21.544967000000003,Yao
22,ComplexF32,2,mid,8,1,15.981101,VQC
22,ComplexF32,2,mid,8,1,16.917982000000002,Yao
22,ComplexF32,2,high,8,1,14.719641000000001,VQC
22,ComplexF32,2,high,8,1,18.472837,Yao
22,ComplexF32,2,spread,8,1,18.169608,VQC
22,ComplexF32,2,spread,8,1,20.711485000000003,Yao
22,ComplexF32,3,low,8,1,28.375162999999997,VQC
22,ComplexF32,3,low,8,1,33.460235,Yao
22,ComplexF32,3,mid,8,1,25.750767,VQC
22,ComplexF32,3,mid,8,1,25.994689,Yao
22,ComplexF32,3,high,8,1,26.250732,VQC
22,ComplexF32,3,high,8,1,27.333889,Yao
22,ComplexF32,3,spread,8,1,22.656112,VQC
22,ComplexF32,3,spread,8,1,26.486510000000003,Yao
22,ComplexF32,4,low,8,1,63.62791800000001,VQC
22,ComplexF32,4,low,8,1,109.315766,Yao
22,ComplexF32,4,mid,8,1,64.07629800000001,VQC
22,ComplexF32,4,mid,8,1,82.08887,Yao
22,ComplexF32,4,high,8,1,69.454702,VQC
22,ComplexF32,4,high,8,1,83.57347299999999,Yao
22,ComplexF32,4,spread,8,1,72.496088,VQC
22,ComplexF32,4,spread,8,1,82.777393,Yao
22,ComplexF64,2,low,8,1,28.711664000000003,VQC
22,ComplexF64,2,low,8,1,33.10206,Yao
22,ComplexF64,2,mid,8,1,22.050776000000003,VQC
22,ComplexF64,2,mid,8,1,23.61167,Yao
22,ComplexF64,2,high,8,1,22.797458,VQC
22,ComplexF64,2,high,8,1,24.538856000000003,Yao
22,ComplexF64,2,spread,8,1,28.228081,VQC
22,ComplexF64,2,spread,8,1,26.192456,Yao
22,ComplexF64,3,low,8,1,36.990131000000005,VQC
22,ComplexF64,3,low,8,1,42.377734000000004,Yao
22,ComplexF64,3,mid,8,1,29.164451,VQC
22,ComplexF64,3,mid,8,1,30.201439999999998,Yao
22,ComplexF64,3,high,8,1,30.592502,VQC
22,ComplexF64,3,high,8,1,32.801051,Yao
22,ComplexF64,3,spread,8,1,30.386449,VQC
22,ComplexF64,3,spread,8,1,33.630753999999996,Yao
22,ComplexF64,4,low,8,1,53.44011,VQC
22,ComplexF64,4,low,8,1,55.940549,Yao
22,ComplexF64,4,mid,8,1,51.22954,VQC
22,ComplexF64,4,mid,8,1,58.308817999999995,Yao
22,ComplexF64,4,high,8,1,54.624517999999995,VQC
22,ComplexF64,4,high,8,1,60.597243,Yao
22,ComplexF64,4,spread,8,1,67.730385,VQC
22,ComplexF64,4,spread,8,1,71.886739,Yao
24,Float32,2,low,8,1,46.740145,VQC
24,Float32,2,low,8,1,30.202825,Yao
24,Float32,2,mid,8,1,31.388254999999997,VQC
24,Float32,2,mid,8,1,23.645177,Yao
24,Float32,2,high,8,1,28.280355,VQC
24,Float32,2,high,8,1,25.026324,Yao
24,Float32,2,spread,8,1,27.304405,VQC
24,Float32,2,spread,8,1,29.772906,Yao
24,Float32,3,low,8,1,37.570994000000006,VQC
24,Float32,3,low,8,1,44.952262,Yao
24,Float32,3,mid,8,1,44.701022,VQC
24,Float32,3,mid,8,1,38.159787,Yao
24,Float32,3,high,8,1,38.529617,VQC
24,Float32,3,high,8,1,37.916678000000005,Yao
24,Float32,3,spread,8,1,37.874373000000006,VQC
24,Float32,3,spread,8,1,37.729672,Yao
24,Float32,4,low,8,1,62.919536,VQC
24,Float32,4,low,8,1,73.74681199999999,Yao
24,Float32,4,mid,8,1,64.998611,VQC
24,Float32,4,mid,8,1,66.47370199999999,Yao
24,Float32,4,high,8,1,67.19840500000001,VQC
24,Float32,4,high,8,1,67.3026,Yao
24,Float32,4,spread,8,1,69.132778,VQC
24,Float32,4,spread,8,1,67.746818,Yao
24,Float64,2,low,8,1,55.232597,VQC
24,Float64,2,low,8,1,51.095302000000004,Yao
24,Float64,2,mid,8,1,39.596669,VQC
24,Float64,2,mid,8,1,39.868441,Yao
24,Float64,2,high,8,1,45.287866,VQC
24,Float64,2,high,8,1,40.314820000000005,Yao
24,Float64,2,spread,8,1,51.910543000000004,VQC
24,Float64,2,spread,8,1,54.423877000000005,Yao
24,Float64,3,low,8,1,69.11068300000001,VQC
24,Float64,3,low,8,1,79.75167599999999,Yao
24,Float64,3,mid,8,1,48.636023,VQC
24,Float64,3,mid,8,1,50.685226,Yao
24,Float64,3,high,8,1,45.298581,VQC
24,Float64,3,high,8,1,47.542382,Yao
24,Float64,3,spread,8,1,44.723623999999994,VQC
24,Float64,3,spread,8,1,44.79921,Yao
24,Float64,4,low,8,1,67.162304,VQC
24,Float64,4,low,8,1,91.258585,Yao
24,Float64,4,mid,8,1,72.00461,VQC
24,Float64,4,mid,8,1,79.41036799999999,Yao
24,Float64,4,high,8,1,79.331735,VQC
24,Float64,4,high,8,1,82.226906,Yao
24,Float64,4,spread,8,1,116.46327099999999,VQC
24,Float64,4,spread,8,1,107.677722,Yao
24,ComplexF32,2,low,8,1,76.460878,VQC
24,ComplexF32,2,low,8,1,80.228776,Yao
24,ComplexF32,2,mid,8,1,58.477392,VQC
24,ComplexF32,2,mid,8,1,69.392251,Yao
24,ComplexF32,2,high,8,1,62.877584,VQC
24,ComplexF32,2,high,8,1,71.527698,Yao
24,ComplexF32,2,spread,8,1,76.993939,VQC
24,ComplexF32,2,spread,8,1,71.682692,Yao
24,ComplexF32,3,low,8,1,117.84837300000001,VQC
24,ComplexF32,3,low,8,1,148.167995,Yao
24,ComplexF32,3,mid,8,1,95.497343,VQC
24,ComplexF32,3,mid,8,1,107.587896,Yao
24,ComplexF32,3,high,8,1,108.129973,VQC
24,ComplexF32,3,high,8,1,108.444337,Yao
24,ComplexF32,3,spread,8,1,96.163759,VQC
24,ComplexF32,3,spread,8,1,110.630571,Yao
24,ComplexF32,4,low,8,1,262.109389,VQC
24,ComplexF32,4,low,8,1,438.094437,Yao
24,ComplexF32,4,mid,8,1,275.65910199999996,VQC
24,ComplexF32,4,mid,8,1,321.217357,Yao
24,ComplexF32,4,high,8,1,263.281116,VQC
24,ComplexF32,4,high,8,1,310.993772,Yao
24,ComplexF32,4,spread,8,1,305.80266,VQC
24,ComplexF32,4,spread,8,1,316.594854,Yao
24,ComplexF64,2,low,8,1,135.2052,VQC
24,ComplexF64,2,low,8,1,158.486352,Yao
24,ComplexF64,2,mid,8,1,108.109842,VQC
24,ComplexF64,2,mid,8,1,96.983804,Yao
24,ComplexF64,2,high,8,1,91.852165,VQC
24,ComplexF64,2,high,8,1,94.89314,Yao
24,ComplexF64,2,spread,8,1,104.970213,VQC
24,ComplexF64,2,spread,8,1,115.184951,Yao
24,ComplexF64,3,low,8,1,153.406296,VQC
24,ComplexF64,3,low,8,1,196.749005,Yao
24,ComplexF64,3,mid,8,1,111.53746000000001,VQC
24,ComplexF64,3,mid,8,1,116.065213,Yao
24,ComplexF64,3,high,8,1,144.984751,VQC
24,ComplexF64,3,high,8,1,136.83505100000002,Yao
24,ComplexF64,3,spread,8,1,120.177412,VQC
24,ComplexF64,3,spread,8,1,155.32470600000002,Yao
24,ComplexF64,4,low,8,1,296.01125,VQC
24,ComplexF64,4,low,8,1,261.840311,Yao
24,ComplexF64,4,mid,8,1,246.986413,VQC
24,ComplexF64,4,mid,8,1,278.65076500000004,Yao
24,ComplexF64,4,high,8,1,278.54247799999996,VQC
24,ComplexF64,4,high,8,1,228.111053,Yao
24,ComplexF64,4,spread,8,1,218.202038,VQC
24,ComplexF64,4,spread,8,1,228.172679,Yao
26,Float32,2,low,8,1,147.133055,VQC
26,Float32,2,low,8,1,149.056929,Yao
26,Float32,2,mid,8,1,117.746178,VQC
26,Float32,2,mid,8,1,113.15597199999999,Yao
26,Float32,2,high,8,1,126.742984,VQC
26,Float32,2,high,8,1,103.16638,Yao
26,Float32,2,spread,8,1,124.525671,VQC
26,Float32,2,spread,8,1,114.000876,Yao
26,Float32,3,low,8,1,218.972677,VQC
26,Float32,3,low,8,1,205.186219,Yao
26,Float32,3,mid,8,1,165.283012,VQC
26,Float32,3,mid,8,1,166.185636,Yao
26,Float32,3,high,8,1,176.88281899999998,VQC
26,Float32,3,high,8,1,156.065664,Yao
26,Float32,3,spread,8,1,159.50127,VQC
26,Float32,3,spread,8,1,150.369532,Yao
26,Float32,4,low,8,1,252.02623200000002,VQC
26,Float32,4,low,8,1,315.349952,Yao
26,Float32,4,mid,8,1,293.54044400000004,VQC
26,Float32,4,mid,8,1,276.852843,Yao
26,Float32,4,high,8,1,292.89876599999997,VQC
26,Float32,4,high,8,1,291.069971,Yao
26,Float32,4,spread,8,1,282.520651,VQC
26,Float32,4,spread,8,1,297.07223700000003,Yao
26,Float64,2,low,8,1,233.003416,VQC
26,Float64,2,low,8,1,234.67996499999998,Yao
26,Float64,2,mid,8,1,158.529966,VQC
26,Float64,2,mid,8,1,135.977778,Yao
26,Float64,2,high,8,1,184.86486699999998,VQC
26,Float64,2,high,8,1,162.197295,Yao
26,Float64,2,spread,8,1,211.640085,VQC
26,Float64,2,spread,8,1,179.89545700000002,Yao
26,Float64,3,low,8,1,263.10903,VQC
26,Float64,3,low,8,1,296.915494,Yao
26,Float64,3,mid,8,1,189.603822,VQC
26,Float64,3,mid,8,1,184.45039799999998,Yao
26,Float64,3,high,8,1,204.217687,VQC
26,Float64,3,high,8,1,200.88645,Yao
26,Float64,3,spread,8,1,211.48279,VQC
26,Float64,3,spread,8,1,208.027714,Yao
26,Float64,4,low,8,1,288.059925,VQC
26,Float64,4,low,8,1,349.987904,Yao
26,Float64,4,mid,8,1,307.633235,VQC
26,Float64,4,mid,8,1,279.42871,Yao
26,Float64,4,high,8,1,332.036965,VQC
26,Float64,4,high,8,1,299.842052,Yao
26,Float64,4,spread,8,1,470.960174,VQC
26,Float64,4,spread,8,1,469.507991,Yao
26,ComplexF32,2,low,8,1,300.791246,VQC
26,ComplexF32,2,low,8,1,326.69973600000003,Yao
26,ComplexF32,2,mid,8,1,244.403606,VQC
26,ComplexF32,2,mid,8,1,267.61189,Yao
26,ComplexF32,2,high,8,1,270.66137899999995,VQC
26,ComplexF32,2,high,8,1,271.373021,Yao
26,ComplexF32,2,spread,8,1,305.932358,VQC
26,ComplexF32,2,spread,8,1,316.280236,Yao
26,ComplexF32,3,low,8,1,497.181063,VQC
26,ComplexF32,3,low,8,1,601.334849,Yao
26,ComplexF32,3,mid,8,1,398.602144,VQC
26,ComplexF32,3,mid,8,1,441.815163,Yao
26,ComplexF32,3,high,8,1,440.839573,VQC
26,ComplexF32,3,high,8,1,419.061736,Yao
26,ComplexF32,3,spread,8,1,386.850053,VQC
26,ComplexF32,3,spread,8,1,458.579798,Yao
26,ComplexF32,4,low,8,1,1079.521497,VQC
26,ComplexF32,4,low,8,1,1741.06024,Yao
26,ComplexF32,4,mid,8,1,1120.248044,VQC
26,ComplexF32,4,mid,8,1,1249.545948,Yao
26,ComplexF32,4,high,8,1,1124.768156,VQC
26,ComplexF32,4,high,8,1,1253.133837,Yao
26,ComplexF32,4,spread,8,1,1261.375683,VQC
26,ComplexF32,4,spread,8,1,1332.6292879999999,Yao
26,ComplexF64,2,low,8,1,488.057515,VQC
26,ComplexF64,2,low,8,1,550.258649,Yao
26,ComplexF64,2,mid,8,1,380.130904,VQC
26,ComplexF64,2,mid,8,1,403.32538800000003,Yao
26,ComplexF64,2,high,8,1,367.260694,VQC
26,ComplexF64,2,high,8,1,389.266665,Yao
26,ComplexF64,2,spread,8,1,431.59933900000004,VQC
26,ComplexF64,2,spread,8,1,450.295752,Yao
26,ComplexF64,3,low,8,1,642.104588,VQC
26,ComplexF64,3,low,8,1,719.201825,Yao
26,ComplexF64,3,mid,8,1,477.379097,VQC
26,ComplexF64,3,mid,8,1,478.187452,Yao
26,ComplexF64,3,high,8,1,473.664704,VQC
26,ComplexF64,3,high,8,1,507.288312,Yao
26,ComplexF64,3,spread,8,1,470.670972,VQC
26,ComplexF64,3,spread,8,1,516.896239,Yao
26,ComplexF64,4,low,8,1,905.815527,VQC
26,ComplexF64,4,low,8,1,918.108912,Yao
26,ComplexF64,4,mid,8,1,852.701393,VQC
26,ComplexF64,4,mid,8,1,937.780549,Yao
26,ComplexF64,4,high,8,1,901.392023,VQC
26,ComplexF64,4,high,8,1,944.7329599999999,Yao
26,ComplexF64,4,spread,8,1,806.513892,VQC
26,ComplexF64,4,spread,8,1,899.836475,Yao
28,Float32,2,low,8,1,590.24725,VQC
28,Float32,2,low,8,1,504.66343199999994,Yao
28,Float32,2,mid,8,1,483.47486200000003,VQC
28,Float32,2,mid,8,1,407.03421499999996,Yao
28,Float32,2,high,8,1,654.269941,VQC
28,Float32,2,high,8,1,390.17668,Yao
28,Float32,2,spread,8,1,567.244096,VQC
28,Float32,2,spread,8,1,481.21234499999997,Yao
28,Float32,3,low,8,1,751.220195,VQC
28,Float32,3,low,8,1,774.5848199999999,Yao
28,Float32,3,mid,8,1,610.929677,VQC
28,Float32,3,mid,8,1,594.1540279999999,Yao
28,Float32,3,high,8,1,682.827798,VQC
28,Float32,3,high,8,1,606.5126429999999,Yao
28,Float32,3,spread,8,1,600.386564,VQC
28,Float32,3,spread,8,1,598.368827,Yao
28,Float32,4,low,8,1,1073.884777,VQC
28,Float32,4,low,8,1,1207.479385,Yao
28,Float32,4,mid,8,1,1113.255594,VQC
28,Float32,4,mid,8,1,1055.020148,Yao
28,Float32,4,high,8,1,1266.683998,VQC
28,Float32,4,high,8,1,1177.269463,Yao
28,Float32,4,spread,8,1,1403.0091579999998,VQC
28,Float32,4,spread,8,1,1340.147094,Yao
28,Float64,2,low,8,1,895.970497,VQC
28,Float64,2,low,8,1,791.083892,Yao
28,Float64,2,mid,8,1,620.9569710000001,VQC
28,Float64,2,mid,8,1,615.887009,Yao
28,Float64,2,high,8,1,723.118812,VQC
28,Float64,2,high,8,1,657.160834,Yao
28,Float64,2,spread,8,1,802.507328,VQC
28,Float64,2,spread,8,1,731.8572049999999,Yao
28,Float64,3,low,8,1,1240.286501,VQC
28,Float64,3,low,8,1,1033.707733,Yao
28,Float64,3,mid,8,1,852.965238,VQC
28,Float64,3,mid,8,1,803.7836900000001,Yao
28,Float64,3,high,8,1,783.763317,VQC
28,Float64,3,high,8,1,757.4199040000001,Yao
28,Float64,3,spread,8,1,825.210494,VQC
28,Float64,3,spread,8,1,808.7099049999999,Yao
28,Float64,4,low,8,1,1313.269055,VQC
28,Float64,4,low,8,1,1426.126588,Yao
28,Float64,4,mid,8,1,1231.982883,VQC
28,Float64,4,mid,8,1,1229.617135,Yao
28,Float64,4,high,8,1,1359.215944,VQC
28,Float64,4,high,8,1,1468.047725,Yao
28,Float64,4,spread,8,1,1196.698218,VQC
28,Float64,4,spread,8,1,1230.7529379999999,Yao
28,ComplexF32,2,low,8,1,1391.746048,VQC
28,ComplexF32,2,low,8,1,1400.834357,Yao
28,ComplexF32,2,mid,8,1,1055.8139259999998,VQC
28,ComplexF32,2,mid,8,1,1142.186355,Yao
28,ComplexF32,2,high,8,1,1080.556388,VQC
28,ComplexF32,2,high,8,1,1138.221516,Yao
28,ComplexF32,2,spread,8,1,1104.836556,VQC
28,ComplexF32,2,spread,8,1,1192.665863,Yao
28,ComplexF32,3,low,8,1,1862.140549,VQC
28,ComplexF32,3,low,8,1,2377.181071,Yao
28,ComplexF32,3,mid,8,1,1599.561621,VQC
28,ComplexF32,3,mid,8,1,1719.3338780000001,Yao
28,ComplexF32,3,high,8,1,1692.481379,VQC
28,ComplexF32,3,high,8,1,1831.393193,Yao
28,ComplexF32,3,spread,8,1,1643.954744,VQC
28,ComplexF32,3,spread,8,1,1840.3442969999999,Yao
28,ComplexF32,4,low,8,1,4389.657592,VQC
28,ComplexF32,4,low,8,1,7428.726497000001,Yao
28,ComplexF32,4,mid,8,1,4513.093201000001,VQC
28,ComplexF32,4,mid,8,1,5008.577744,Yao
28,ComplexF32,4,high,8,1,4542.682774,VQC
28,ComplexF32,4,high,8,1,5048.411553,Yao
28,ComplexF32,4,spread,8,1,4263.2746480000005,VQC
28,ComplexF32,4,spread,8,1,4737.284172,Yao
28,ComplexF64,2,low,8,1,1759.7452799999999,VQC
28,ComplexF64,2,low,8,1,2371.941564,Yao
28,ComplexF64,2,mid,8,1,1672.244684,VQC
28,ComplexF64,2,mid,8,1,1483.931752,Yao
28,ComplexF64,2,high,8,1,1479.7258259999999,VQC
28,ComplexF64,2,high,8,1,1515.0904620000001,Yao
28,ComplexF64,2,spread,8,1,1763.499212,VQC
28,ComplexF64,2,spread,8,1,1508.3798829999998,Yao
28,ComplexF64,3,low,8,1,2263.622875,VQC
28,ComplexF64,3,low,8,1,2609.55194,Yao
28,ComplexF64,3,mid,8,1,1977.650224,VQC
28,ComplexF64,3,mid,8,1,2026.4764149999999,Yao
28,ComplexF64,3,high,8,1,1897.417546,VQC
28,ComplexF64,3,high,8,1,1962.670519,Yao
28,ComplexF64,3,spread,8,1,2318.2727600000003,VQC
28,ComplexF64,3,spread,8,1,2315.6625360000003,Yao
28,ComplexF64,4,low,8,1,3746.072594,VQC
28,ComplexF64,4,low,8,1,3638.128043,Yao
28,ComplexF64,4,mid,8,1,3456.63754,VQC
28,ComplexF64,4,mid,8,1,3789.0661099999998,Yao
28,ComplexF64,4,high,8,1,3494.8104280000002,VQC
28,ComplexF64,4,high,8,1,3834.6499440000002,Yao
28,ComplexF64,4,spread,8,1,3276.5958180000002,VQC
28,ComplexF64,4,spread,8,1,3602.0062820000003,Yao
20,Float32,2,low,16,1,2.654996,VQC
20,Float32,2,mid,16,1,3.045513,VQC
20,Float32,2,high,16,1,1.566607,VQC
20,Float32,2,spread,16,1,2.773499,VQC
20,Float32,3,low,16,1,6.2300699999999996,VQC
20,Float32,3,mid,16,1,10.344256,VQC
20,Float32,3,high,16,1,8.196064,VQC
20,Float32,3,spread,16,1,8.863377999999999,VQC
20,Float32,4,low,16,1,5.8389690000000005,VQC
20,Float32,4,mid,16,1,5.890556,VQC
20,Float32,4,high,16,1,6.425516,VQC
20,Float32,4,spread,16,1,7.875227000000001,VQC
20,Float64,2,low,16,1,4.534098999999999,VQC
20,Float64,2,mid,16,1,3.740675,VQC
20,Float64,2,high,16,1,3.592227,VQC
20,Float64,2,spread,16,1,4.187823,VQC
20,Float64,3,low,16,1,4.912479,VQC
20,Float64,3,mid,16,1,4.420102,VQC
20,Float64,3,high,16,1,3.443351,VQC
20,Float64,3,spread,16,1,4.0636470000000005,VQC
20,Float64,4,low,16,1,5.413236,VQC
20,Float64,4,mid,16,1,5.804625,VQC
20,Float64,4,high,16,1,5.832086,VQC
20,Float64,4,spread,16,1,5.14534,VQC
20,ComplexF32,2,low,16,1,5.616782,VQC
20,ComplexF32,2,mid,16,1,5.333629,VQC
20,ComplexF32,2,high,16,1,4.960826,VQC
20,ComplexF32,2,spread,16,1,5.41816,VQC
20,ComplexF32,3,low,16,1,15.784341,VQC
20,ComplexF32,3,mid,16,1,14.145227,VQC
20,ComplexF32,3,high,16,1,13.616627,VQC
20,ComplexF32,3,spread,16,1,11.796878,VQC
20,ComplexF32,4,low,16,1,28.788093,VQC
20,ComplexF32,4,mid,16,1,32.032794,VQC
20,ComplexF32,4,high,16,1,39.877399000000004,VQC
20,ComplexF32,4,spread,16,1,20.252389,VQC
20,ComplexF64,2,low,16,1,9.229332999999999,VQC
20,ComplexF64,2,mid,16,1,5.87337,VQC
20,ComplexF64,2,high,16,1,6.576756,VQC
20,ComplexF64,2,spread,16,1,6.884077,VQC
20,ComplexF64,3,low,16,1,11.749882,VQC
20,ComplexF64,3,mid,16,1,9.23221,VQC
20,ComplexF64,3,high,16,1,9.277731000000001,VQC
20,ComplexF64,3,spread,16,1,9.921539,VQC
20,ComplexF64,4,low,16,1,17.029063,VQC
20,ComplexF64,4,mid,16,1,18.923127,VQC
20,ComplexF64,4,high,16,1,18.773018999999998,VQC
20,ComplexF64,4,spread,16,1,17.956526,VQC
22,Float32,2,low,16,1,10.08273,VQC
22,Float32,2,mid,16,1,8.745032,VQC
22,Float32,2,high,16,1,9.588547,VQC
22,Float32,2,spread,16,1,10.257102,VQC
22,Float32,3,low,16,1,13.849490000000001,VQC
22,Float32,3,mid,16,1,14.666465,VQC
22,Float32,3,high,16,1,12.048483000000001,VQC
22,Float32,3,spread,16,1,10.160501,VQC
22,Float32,4,low,16,1,15.874704,VQC
22,Float32,4,mid,16,1,23.081712,VQC
22,Float32,4,high,16,1,24.953772,VQC
22,Float32,4,spread,16,1,20.872483,VQC
22,Float64,2,low,16,1,18.237462,VQC
22,Float64,2,mid,16,1,12.969217,VQC
22,Float64,2,high,16,1,11.77141,VQC
22,Float64,2,spread,16,1,14.305340999999999,VQC
22,Float64,3,low,16,1,18.95725,VQC
22,Float64,3,mid,16,1,14.327022999999999,VQC
22,Float64,3,high,16,1,14.67839,VQC
22,Float64,3,spread,16,1,13.682209,VQC
22,Float64,4,low,16,1,22.421835,VQC
22,Float64,4,mid,16,1,23.799894,VQC
22,Float64,4,high,16,1,25.991792999999998,VQC
22,Float64,4,spread,16,1,25.133536000000003,VQC
22,ComplexF32,2,low,16,1,23.614711,VQC
22,ComplexF32,2,mid,16,1,21.260308,VQC
22,ComplexF32,2,high,16,1,21.393389,VQC
22,ComplexF32,2,spread,16,1,21.67193,VQC
22,ComplexF32,3,low,16,1,35.7216,VQC
22,ComplexF32,3,mid,16,1,33.694677999999996,VQC
22,ComplexF32,3,high,16,1,41.942567,VQC
22,ComplexF32,3,spread,16,1,38.617262,VQC
22,ComplexF32,4,low,16,1,85.73755,VQC
22,ComplexF32,4,mid,16,1,69.523497,VQC
22,ComplexF32,4,high,16,1,72.126288,VQC
22,ComplexF32,4,spread,16,1,78.395461,VQC
22,ComplexF64,2,low,16,1,34.85158,VQC
22,ComplexF64,2,mid,16,1,22.490084,VQC
22,ComplexF64,2,high,16,1,22.30479,VQC
22,ComplexF64,2,spread,16,1,25.024926999999998,VQC
22,ComplexF64,3,low,16,1,36.356072000000005,VQC
22,ComplexF64,3,mid,16,1,33.176674000000006,VQC
22,ComplexF64,3,high,16,1,29.928828,VQC
22,ComplexF64,3,spread,16,1,29.874091,VQC
22,ComplexF64,4,low,16,1,57.336307000000005,VQC
22,ComplexF64,4,mid,16,1,53.831427,VQC
22,ComplexF64,4,high,16,1,55.708143,VQC
22,ComplexF64,4,spread,16,1,63.38265499999999,VQC
24,Float32,2,low,16,1,38.404206,VQC
24,Float32,2,mid,16,1,28.423239,VQC
24,Float32,2,high,16,1,28.328473,VQC
24,Float32,2,spread,16,1,36.792719,VQC
24,Float32,3,low,16,1,56.71085,VQC
24,Float32,3,mid,16,1,46.605571,VQC
24,Float32,3,high,16,1,50.475848,VQC
24,Float32,3,spread,16,1,47.111371,VQC
24,Float32,4,low,16,1,84.371612,VQC
24,Float32,4,mid,16,1,85.79642899999999,VQC
24,Float32,4,high,16,1,90.935302,VQC
24,Float32,4,spread,16,1,85.102139,VQC
24,Float64,2,low,16,1,66.337162,VQC
24,Float64,2,mid,16,1,59.981598,VQC
24,Float64,2,high,16,1,46.621607000000004,VQC
24,Float64,2,spread,16,1,60.538236000000005,VQC
24,Float64,3,low,16,1,76.88196699999999,VQC
24,Float64,3,mid,16,1,53.404362,VQC
24,Float64,3,high,16,1,53.989265,VQC
24,Float64,3,spread,16,1,45.984768,VQC
24,Float64,4,low,16,1,69.763778,VQC
24,Float64,4,mid,16,1,68.985236,VQC
24,Float64,4,high,16,1,75.775037,VQC
24,Float64,4,spread,16,1,111.081365,VQC
24,ComplexF32,2,low,16,1,77.662583,VQC
24,ComplexF32,2,mid,16,1,59.31438,VQC
24,ComplexF32,2,high,16,1,63.059687000000004,VQC
24,ComplexF32,2,spread,16,1,75.837218,VQC
24,ComplexF32,3,low,16,1,110.636764,VQC
24,ComplexF32,3,mid,16,1,99.51206499999999,VQC
24,ComplexF32,3,high,16,1,104.268193,VQC
24,ComplexF32,3,spread,16,1,104.95183700000001,VQC
24,ComplexF32,4,low,16,1,274.616915,VQC
24,ComplexF32,4,mid,16,1,287.86805300000003,VQC
24,ComplexF32,4,high,16,1,293.234737,VQC
24,ComplexF32,4,spread,16,1,312.181825,VQC
24,ComplexF64,2,low,16,1,125.26169000000002,VQC
24,ComplexF64,2,mid,16,1,86.325892,VQC
24,ComplexF64,2,high,16,1,84.827048,VQC
24,ComplexF64,2,spread,16,1,100.74132900000001,VQC
24,ComplexF64,3,low,16,1,147.488258,VQC
24,ComplexF64,3,mid,16,1,119.58023399999999,VQC
24,ComplexF64,3,high,16,1,119.04897100000001,VQC
24,ComplexF64,3,spread,16,1,115.743075,VQC
24,ComplexF64,4,low,16,1,227.35477500000002,VQC
24,ComplexF64,4,mid,16,1,207.082392,VQC
24,ComplexF64,4,high,16,1,211.583392,VQC
24,ComplexF64,4,spread,16,1,198.208568,VQC
26,Float32,2,low,16,1,133.603061,VQC
26,Float32,2,mid,16,1,124.96090799999999,VQC
26,Float32,2,high,16,1,113.965035,VQC
26,Float32,2,spread,16,1,130.281312,VQC
26,Float32,3,low,16,1,171.451514,VQC
26,Float32,3,mid,16,1,145.74326200000002,VQC
26,Float32,3,high,16,1,156.072872,VQC
26,Float32,3,spread,16,1,150.54102799999998,VQC
26,Float32,4,low,16,1,256.872728,VQC
26,Float32,4,mid,16,1,262.819729,VQC
26,Float32,4,high,16,1,273.583347,VQC
26,Float32,4,spread,16,1,277.12933200000003,VQC
26,Float64,2,low,16,1,234.082673,VQC
26,Float64,2,mid,16,1,161.40616899999998,VQC
26,Float64,2,high,16,1,174.30653099999998,VQC
26,Float64,2,spread,16,1,174.336481,VQC
26,Float64,3,low,16,1,277.90348,VQC
26,Float64,3,mid,16,1,194.305556,VQC
26,Float64,3,high,16,1,186.947103,VQC
26,Float64,3,spread,16,1,183.854511,VQC
26,Float64,4,low,16,1,313.49449400000003,VQC
26,Float64,4,mid,16,1,288.019726,VQC
26,Float64,4,high,16,1,293.33191400000004,VQC
26,Float64,4,spread,16,1,462.15520399999997,VQC
26,ComplexF32,2,low,16,1,311.039316,VQC
26,ComplexF32,2,mid,16,1,233.33642700000001,VQC
26,ComplexF32,2,high,16,1,266.45811299999997,VQC
26,ComplexF32,2,spread,16,1,271.36961199999996,VQC
26,ComplexF32,3,low,16,1,449.679769,VQC
26,ComplexF32,3,mid,16,1,421.457402,VQC
26,ComplexF32,3,high,16,1,415.254643,VQC
26,ComplexF32,3,spread,16,1,407.558601,VQC
26,ComplexF32,4,low,16,1,1075.6788239999998,VQC
26,ComplexF32,4,mid,16,1,1101.484465,VQC
26,ComplexF32,4,high,16,1,1091.4436309999999,VQC
26,ComplexF32,4,spread,16,1,1241.251052,VQC
26,ComplexF64,2,low,16,1,479.93224000000004,VQC
26,ComplexF64,2,mid,16,1,346.103272,VQC
26,ComplexF64,2,high,16,1,355.883784,VQC
26,ComplexF64,2,spread,16,1,407.415863,VQC
26,ComplexF64,3,low,16,1,569.4057879999999,VQC
26,ComplexF64,3,mid,16,1,457.393134,VQC
26,ComplexF64,3,high,16,1,484.720027,VQC
26,ComplexF64,3,spread,16,1,459.093396,VQC
26,ComplexF64,4,low,16,1,927.9304659999999,VQC
26,ComplexF64,4,mid,16,1,876.759166,VQC
26,ComplexF64,4,high,16,1,866.593382,VQC
26,ComplexF64,4,spread,16,1,806.043129,VQC
28,Float32,2,low,16,1,539.25334,VQC
28,Float32,2,mid,16,1,439.15394299999997,VQC
28,Float32,2,high,16,1,473.132267,VQC
28,Float32,2,spread,16,1,523.690159,VQC
28,Float32,3,low,16,1,706.364808,VQC
28,Float32,3,mid,16,1,608.9498140000001,VQC
28,Float32,3,high,16,1,680.584061,VQC
28,Float32,3,spread,16,1,615.6488949999999,VQC
28,Float32,4,low,16,1,1047.042526,VQC
28,Float32,4,mid,16,1,1194.449302,VQC
28,Float32,4,high,16,1,1286.299176,VQC
28,Float32,4,spread,16,1,1387.276073,VQC
28,Float64,2,low,16,1,1155.77312,VQC
28,Float64,2,mid,16,1,667.968049,VQC
28,Float64,2,high,16,1,788.848523,VQC
28,Float64,2,spread,16,1,990.812991,VQC
28,Float64,3,low,16,1,1283.521643,VQC
28,Float64,3,mid,16,1,1030.301469,VQC
28,Float64,3,high,16,1,781.135571,VQC
28,Float64,3,spread,16,1,791.0307210000001,VQC
28,Float64,4,low,16,1,1239.752165,VQC
28,Float64,4,mid,16,1,1217.854807,VQC
28,Float64,4,high,16,1,1391.091857,VQC
28,Float64,4,spread,16,1,1031.943862,VQC
28,ComplexF32,2,low,16,1,1245.0180209999999,VQC
28,ComplexF32,2,mid,16,1,1035.4443760000001,VQC
28,ComplexF32,2,high,16,1,1204.055025,VQC
28,ComplexF32,2,spread,16,1,1092.779427,VQC
28,ComplexF32,3,low,16,1,1898.812331,VQC
28,ComplexF32,3,mid,16,1,1696.356749,VQC
28,ComplexF32,3,high,16,1,1765.509251,VQC
28,ComplexF32,3,spread,16,1,1776.464508,VQC
28,ComplexF32,4,low,16,1,4827.279245,VQC
28,ComplexF32,4,mid,16,1,4511.05687,VQC
28,ComplexF32,4,high,16,1,4439.247717,VQC
28,ComplexF32,4,spread,16,1,4248.166599,VQC
28,ComplexF64,2,low,16,1,1518.7700200000002,VQC
28,ComplexF64,2,mid,16,1,1285.286361,VQC
28,ComplexF64,2,high,16,1,1208.182426,VQC
28,ComplexF64,2,spread,16,1,1389.256861,VQC
28,ComplexF64,3,low,16,1,1902.2517779999998,VQC
28,ComplexF64,3,mid,16,1,1742.1800540000002,VQC
28,ComplexF64,3,high,16,1,1673.6149460000001,VQC
28,ComplexF64,3,spread,16,1,1673.3736,VQC
28,ComplexF64,4,low,16,1,3175.846401,VQC
28,ComplexF64,4,mid,16,1,3093.0877,VQC
28,ComplexF64,4,high,16,1,3124.450042,VQC
28,ComplexF64,4,spread,16,1,2931.439217,VQC
20,Float32,2,low,32,1,1.4969919999999999,VQC
20,Float32,2,mid,32,1,1.499291,VQC
20,Float32,2,high,32,1,1.3695700000000002,VQC
20,Float32,2,spread,32,1,1.491416,VQC
20,Float32,3,low,32,1,2.144038,VQC
20,Float32,3,mid,32,1,2.0931159999999998,VQC
20,Float32,3,high,32,1,2.14097,VQC
20,Float32,3,spread,32,1,2.108365,VQC
20,Float32,4,low,32,1,3.2747919999999997,VQC
20,Float32,4,mid,32,1,3.5242839999999998,VQC
20,Float32,4,high,32,1,3.844218,VQC
20,Float32,4,spread,32,1,3.3184519999999997,VQC
20,Float64,2,low,32,1,2.1570970000000003,VQC
20,Float64,2,mid,32,1,2.1076070000000002,VQC
20,Float64,2,high,32,1,1.77093,VQC
20,Float64,2,spread,32,1,1.40423,VQC
20,Float64,3,low,32,1,2.385444,VQC
20,Float64,3,mid,32,1,3.14862,VQC
20,Float64,3,high,32,1,2.3332610000000003,VQC
20,Float64,3,spread,32,1,2.44781,VQC
20,Float64,4,low,32,1,4.185905999999999,VQC
20,Float64,4,mid,32,1,3.858234,VQC
20,Float64,4,high,32,1,3.9093039999999997,VQC
20,Float64,4,spread,32,1,3.9522610000000005,VQC
20,ComplexF32,2,low,32,1,3.243741,VQC
20,ComplexF32,2,mid,32,1,3.221629,VQC
20,ComplexF32,2,high,32,1,3.4690670000000003,VQC
20,ComplexF32,2,spread,32,1,3.17454,VQC
20,ComplexF32,3,low,32,1,5.704092,VQC
20,ComplexF32,3,mid,32,1,6.621868,VQC
20,ComplexF32,3,high,32,1,5.943669000000001,VQC
20,ComplexF32,3,spread,32,1,6.952523,VQC
20,ComplexF32,4,low,32,1,15.806269000000002,VQC
20,ComplexF32,4,mid,32,1,16.076849,VQC
20,ComplexF32,4,high,32,1,15.843948,VQC
20,ComplexF32,4,spread,32,1,16.132769000000003,VQC
20,ComplexF64,2,low,32,1,5.1466080000000005,VQC
20,ComplexF64,2,mid,32,1,4.44421,VQC
20,ComplexF64,2,high,32,1,4.640072,VQC
20,ComplexF64,2,spread,32,1,4.428780000000001,VQC
20,ComplexF64,3,low,32,1,6.433451,VQC
20,ComplexF64,3,mid,32,1,6.514519,VQC
20,ComplexF64,3,high,32,1,6.478809,VQC
20,ComplexF64,3,spread,32,1,6.470546,VQC
20,ComplexF64,4,low,32,1,11.901997,VQC
20,ComplexF64,4,mid,32,1,11.689151,VQC
20,ComplexF64,4,high,32,1,11.904882,VQC
20,ComplexF64,4,spread,32,1,11.680926,VQC
22,Float32,2,low,32,1,5.643178000000001,VQC
22,Float32,2,mid,32,1,6.590251,VQC
22,Float32,2,high,32,1,5.650255,VQC
22,Float32,2,spread,32,1,6.452459,VQC
22,Float32,3,low,32,1,11.559285000000001,VQC
22,Float32,3,mid,32,1,13.105763,VQC
22,Float32,3,high,32,1,11.09817,VQC
22,Float32,3,spread,32,1,9.572218000000001,VQC
22,Float32,4,low,32,1,14.027308,VQC
22,Float32,4,mid,32,1,14.451122999999999,VQC
22,Float32,4,high,32,1,14.688682,VQC
22,Float32,4,spread,32,1,13.667918,VQC
22,Float64,2,low,32,1,10.306994999999999,VQC
22,Float64,2,mid,32,1,8.353305,VQC
22,Float64,2,high,32,1,8.573742000000001,VQC
22,Float64,2,spread,32,1,10.936765,VQC
22,Float64,3,low,32,1,12.196979,VQC
22,Float64,3,mid,32,1,10.156366,VQC
22,Float64,3,high,32,1,10.399988,VQC
22,Float64,3,spread,32,1,10.55907,VQC
22,Float64,4,low,32,1,15.677292,VQC
22,Float64,4,mid,32,1,15.318749,VQC
22,Float64,4,high,32,1,16.033808,VQC
22,Float64,4,spread,32,1,17.892663,VQC
22,ComplexF32,2,low,32,1,15.255232000000001,VQC
22,ComplexF32,2,mid,32,1,13.708874,VQC
22,ComplexF32,2,high,32,1,13.751561,VQC
22,ComplexF32,2,spread,32,1,13.918359,VQC
22,ComplexF32,3,low,32,1,24.866777,VQC
22,ComplexF32,3,mid,32,1,24.320812,VQC
22,ComplexF32,3,high,32,1,24.872276,VQC
22,ComplexF32,3,spread,32,1,24.807468,VQC
22,ComplexF32,4,low,32,1,65.560723,VQC
22,ComplexF32,4,mid,32,1,61.74495700000001,VQC
22,ComplexF32,4,high,32,1,63.53091,VQC
22,ComplexF32,4,spread,32,1,64.45303,VQC
22,ComplexF64,2,low,32,1,23.082769,VQC
22,ComplexF64,2,mid,32,1,18.302333,VQC
22,ComplexF64,2,high,32,1,18.051381,VQC
22,ComplexF64,2,spread,32,1,20.714543,VQC
22,ComplexF64,3,low,32,1,30.19185,VQC
22,ComplexF64,3,mid,32,1,27.391853,VQC
22,ComplexF64,3,high,32,1,28.412983999999998,VQC
22,ComplexF64,3,spread,32,1,27.460046,VQC
22,ComplexF64,4,low,32,1,54.360534,VQC
22,ComplexF64,4,mid,32,1,45.083838,VQC
22,ComplexF64,4,high,32,1,46.591365,VQC
22,ComplexF64,4,spread,32,1,55.383278000000004,VQC
24,Float32,2,low,32,1,33.00688,VQC
24,Float32,2,mid,32,1,24.896887,VQC
24,Float32,2,high,32,1,24.481735,VQC
24,Float32,2,spread,32,1,25.658628,VQC
24,Float32,3,low,32,1,40.027319,VQC
24,Float32,3,mid,32,1,35.931199,VQC
24,Float32,3,high,32,1,36.948251,VQC
24,Float32,3,spread,32,1,35.069948,VQC
24,Float32,4,low,32,1,57.004636999999995,VQC
24,Float32,4,mid,32,1,59.100551,VQC
24,Float32,4,high,32,1,60.95878,VQC
24,Float32,4,spread,32,1,62.90710200000001,VQC
24,Float64,2,low,32,1,48.542034,VQC
24,Float64,2,mid,32,1,33.128823000000004,VQC
24,Float64,2,high,32,1,33.178434,VQC
24,Float64,2,spread,32,1,39.415793,VQC
24,Float64,3,low,32,1,49.830428000000005,VQC
24,Float64,3,mid,32,1,40.686866,VQC
24,Float64,3,high,32,1,41.557259,VQC
24,Float64,3,spread,32,1,39.638894,VQC
24,Float64,4,low,32,1,63.253474000000004,VQC
24,Float64,4,mid,32,1,63.189892,VQC
24,Float64,4,high,32,1,66.135216,VQC
24,Float64,4,spread,32,1,88.928523,VQC
24,ComplexF32,2,low,32,1,64.011944,VQC
24,ComplexF32,2,mid,32,1,59.342099000000005,VQC
24,ComplexF32,2,high,32,1,56.10171,VQC
24,ComplexF32,2,spread,32,1,55.623647999999996,VQC
24,ComplexF32,3,low,32,1,100.62562899999999,VQC
24,ComplexF32,3,mid,32,1,93.026436,VQC
24,ComplexF32,3,high,32,1,100.829414,VQC
24,ComplexF32,3,spread,32,1,97.202832,VQC
24,ComplexF32,4,low,32,1,275.050498,VQC
24,ComplexF32,4,mid,32,1,386.514948,VQC
24,ComplexF32,4,high,32,1,321.978157,VQC
24,ComplexF32,4,spread,32,1,294.59749800000003,VQC
24,ComplexF64,2,low,32,1,116.760702,VQC
24,ComplexF64,2,mid,32,1,82.322779,VQC
24,ComplexF64,2,high,32,1,76.379803,VQC
24,ComplexF64,2,spread,32,1,89.916707,VQC
24,ComplexF64,3,low,32,1,121.13378700000001,VQC
24,ComplexF64,3,mid,32,1,108.142223,VQC
24,ComplexF64,3,high,32,1,115.541184,VQC
24,ComplexF64,3,spread,32,1,108.695766,VQC
24,ComplexF64,4,low,32,1,207.01572900000002,VQC
24,ComplexF64,4,mid,32,1,196.72171,VQC
24,ComplexF64,4,high,32,1,204.875068,VQC
24,ComplexF64,4,spread,32,1,203.109141,VQC
26,Float32,2,low,32,1,123.195072,VQC
26,Float32,2,mid,32,1,117.470463,VQC
26,Float32,2,high,32,1,109.67642099999999,VQC
26,Float32,2,spread,32,1,115.259455,VQC
26,Float32,3,low,32,1,170.252624,VQC
26,Float32,3,mid,32,1,144.745391,VQC
26,Float32,3,high,32,1,160.03989800000002,VQC
26,Float32,3,spread,32,1,147.64076500000002,VQC
26,Float32,4,low,32,1,241.920278,VQC
26,Float32,4,mid,32,1,230.98880799999998,VQC
26,Float32,4,high,32,1,266.574003,VQC
26,Float32,4,spread,32,1,255.25652399999998,VQC
26,Float64,2,low,32,1,185.17207399999998,VQC
26,Float64,2,mid,32,1,154.821975,VQC
26,Float64,2,high,32,1,146.478191,VQC
26,Float64,2,spread,32,1,158.861521,VQC
26,Float64,3,low,32,1,223.761495,VQC
26,Float64,3,mid,32,1,170.95175600000002,VQC
26,Float64,3,high,32,1,184.12379,VQC
26,Float64,3,spread,32,1,180.07136100000002,VQC
26,Float64,4,low,32,1,278.482134,VQC
26,Float64,4,mid,32,1,264.624667,VQC
26,Float64,4,high,32,1,286.52556699999997,VQC
26,Float64,4,spread,32,1,416.369824,VQC
26,ComplexF32,2,low,32,1,287.422919,VQC
26,ComplexF32,2,mid,32,1,267.08785,VQC
26,ComplexF32,2,high,32,1,247.48805099999998,VQC
26,ComplexF32,2,spread,32,1,251.833722,VQC
26,ComplexF32,3,low,32,1,408.234505,VQC
26,ComplexF32,3,mid,32,1,367.193131,VQC
26,ComplexF32,3,high,32,1,386.618083,VQC
26,ComplexF32,3,spread,32,1,379.616673,VQC
26,ComplexF32,4,low,32,1,990.71297,VQC
26,ComplexF32,4,mid,32,1,1005.409212,VQC
26,ComplexF32,4,high,32,1,1062.067742,VQC
26,ComplexF32,4,spread,32,1,1131.16004,VQC
26,ComplexF64,2,low,32,1,401.421875,VQC
26,ComplexF64,2,mid,32,1,330.02656,VQC
26,ComplexF64,2,high,32,1,323.754955,VQC
26,ComplexF64,2,spread,32,1,393.50131700000003,VQC
26,ComplexF64,3,low,32,1,551.131303,VQC
26,ComplexF64,3,mid,32,1,428.921463,VQC
26,ComplexF64,3,high,32,1,459.01792600000005,VQC
26,ComplexF64,3,spread,32,1,450.29147800000004,VQC
26,ComplexF64,4,low,32,1,876.044941,VQC
26,ComplexF64,4,mid,32,1,834.194209,VQC
26,ComplexF64,4,high,32,1,839.564873,VQC
26,ComplexF64,4,spread,32,1,804.8989519999999,VQC
28,Float32,2,low,32,1,541.680648,VQC
28,Float32,2,mid,32,1,598.8972070000001,VQC
28,Float32,2,high,32,1,448.68892700000004,VQC
28,Float32,2,spread,32,1,495.682562,VQC
28,Float32,3,low,32,1,656.140525,VQC
28,Float32,3,mid,32,1,570.250819,VQC
28,Float32,3,high,32,1,650.560929,VQC
28,Float32,3,spread,32,1,632.218012,VQC
28,Float32,4,low,32,1,1084.872663,VQC
28,Float32,4,mid,32,1,996.3264509999999,VQC
28,Float32,4,high,32,1,1217.1972660000001,VQC
28,Float32,4,spread,32,1,1259.673061,VQC
28,Float64,2,low,32,1,902.393655,VQC
28,Float64,2,mid,32,1,634.338042,VQC
28,Float64,2,high,32,1,644.0370389999999,VQC
28,Float64,2,spread,32,1,741.6322279999999,VQC
28,Float64,3,low,32,1,1034.6912829999999,VQC
28,Float64,3,mid,32,1,735.367841,VQC
28,Float64,3,high,32,1,730.094224,VQC
28,Float64,3,spread,32,1,781.18473,VQC
28,Float64,4,low,32,1,1212.823099,VQC
28,Float64,4,mid,32,1,1217.6790609999998,VQC
28,Float64,4,high,32,1,1310.1020139999998,VQC
28,Float64,4,spread,32,1,1016.5169430000001,VQC
28,ComplexF32,2,low,32,1,1142.073018,VQC
28,ComplexF32,2,mid,32,1,1030.789723,VQC
28,ComplexF32,2,high,32,1,1029.817272,VQC
28,ComplexF32,2,spread,32,1,1069.379601,VQC
28,ComplexF32,3,low,32,1,1730.695617,VQC
28,ComplexF32,3,mid,32,1,1513.6615929999998,VQC
28,ComplexF32,3,high,32,1,1590.1341360000001,VQC
28,ComplexF32,3,spread,32,1,1587.083881,VQC
28,ComplexF32,4,low,32,1,4318.225810999999,VQC
28,ComplexF32,4,mid,32,1,4454.630244999999,VQC
28,ComplexF32,4,high,32,1,4565.017025,VQC
28,ComplexF32,4,spread,32,1,4398.169732,VQC
28,ComplexF64,2,low,32,1,1847.9794490000002,VQC
28,ComplexF64,2,mid,32,1,1411.074454,VQC
28,ComplexF64,2,high,32,1,1387.8858329999998,VQC
28,ComplexF64,2,spread,32,1,1572.781658,VQC
28,ComplexF64,3,low,32,1,2169.2923309999996,VQC
28,ComplexF64,3,mid,32,1,1912.006879,VQC
28,ComplexF64,3,high,32,1,1913.9854990000001,VQC
28,ComplexF64,3,spread,32,1,1850.03961,VQC
28,ComplexF64,4,low,32,1,3666.9971389999996,VQC
28,ComplexF64,4,mid,32,1,3636.642455,VQC
28,ComplexF64,4,high,32,1,3416.9803810000003,VQC
28,ComplexF64,4,spread,32,1,3214.8647960000003,VQC
20,Float32,2,low,64,1,1.6273769999999999,VQC
20,Float32,2,mid,64,1,1.3676490000000001,VQC
20,Float32,2,high,64,1,1.46997,VQC
20,Float32,2,spread,64,1,1.750709,VQC
20,Float32,3,low,64,1,2.4111860000000003,VQC
20,Float32,3,mid,64,1,2.74253,VQC
20,Float32,3,high,64,1,2.306658,VQC
20,Float32,3,spread,64,1,2.417662,VQC
20,Float32,4,low,64,1,4.235244,VQC
20,Float32,4,mid,64,1,5.613301,VQC
20,Float32,4,high,64,1,4.203002,VQC
20,Float32,4,spread,64,1,3.7445120000000003,VQC
20,Float64,2,low,64,1,4.131211,VQC
20,Float64,2,mid,64,1,2.304232,VQC
20,Float64,2,high,64,1,2.888182,VQC
20,Float64,2,spread,64,1,3.4401800000000002,VQC
20,Float64,3,low,64,1,5.028894,VQC
20,Float64,3,mid,64,1,5.2096540000000005,VQC
20,Float64,3,high,64,1,3.668901,VQC
20,Float64,3,spread,64,1,5.099124,VQC
20,Float64,4,low,64,1,6.0031099999999995,VQC
20,Float64,4,mid,64,1,6.473452,VQC
20,Float64,4,high,64,1,7.21804,VQC
20,Float64,4,spread,64,1,5.86081,VQC
20,ComplexF32,2,low,64,1,6.032593,VQC
20,ComplexF32,2,mid,64,1,5.708539,VQC
20,ComplexF32,2,high,64,1,5.460762,VQC
20,ComplexF32,2,spread,64,1,4.5347219999999995,VQC
20,ComplexF32,3,low,64,1,8.03956,VQC
20,ComplexF32,3,mid,64,1,10.637053,VQC
20,ComplexF32,3,high,64,1,9.52131,VQC
20,ComplexF32,3,spread,64,1,7.532881,VQC
20,ComplexF32,4,low,64,1,16.169025,VQC
20,ComplexF32,4,mid,64,1,17.483006999999997,VQC
20,ComplexF32,4,high,64,1,16.535931,VQC
20,ComplexF32,4,spread,64,1,16.226481,VQC
20,ComplexF64,2,low,64,1,7.222138999999999,VQC
20,ComplexF64,2,mid,64,1,5.264831,VQC
20,ComplexF64,2,high,64,1,5.232578,VQC
20,ComplexF64,2,spread,64,1,6.028868,VQC
20,ComplexF64,3,low,64,1,8.389766999999999,VQC
20,ComplexF64,3,mid,64,1,7.198678,VQC
20,ComplexF64,3,high,64,1,7.384011999999999,VQC
20,ComplexF64,3,spread,64,1,7.282829,VQC
20,ComplexF64,4,low,64,1,12.783,VQC
20,ComplexF64,4,mid,64,1,13.005383,VQC
20,ComplexF64,4,high,64,1,12.433476,VQC
20,ComplexF64,4,spread,64,1,12.330865999999999,VQC
22,Float32,2,low,64,1,7.473355,VQC
22,Float32,2,mid,64,1,7.433006,VQC
22,Float32,2,high,64,1,6.875805,VQC
22,Float32,2,spread,64,1,6.111994,VQC
22,Float32,3,low,64,1,9.484527,VQC
22,Float32,3,mid,64,1,10.993592,VQC
22,Float32,3,high,64,1,10.038596,VQC
22,Float32,3,spread,64,1,9.155115,VQC
22,Float32,4,low,64,1,15.208766,VQC
22,Float32,4,mid,64,1,15.706053,VQC
22,Float32,4,high,64,1,16.495414,VQC
22,Float32,4,spread,64,1,14.4475,VQC
22,Float64,2,low,64,1,9.803166000000001,VQC
22,Float64,2,mid,64,1,8.53891,VQC
22,Float64,2,high,64,1,9.541802,VQC
22,Float64,2,spread,64,1,9.466647,VQC
22,Float64,3,low,64,1,13.087397000000001,VQC
22,Float64,3,mid,64,1,10.91628,VQC
22,Float64,3,high,64,1,9.626479999999999,VQC
22,Float64,3,spread,64,1,11.470404,VQC
22,Float64,4,low,64,1,22.415039,VQC
22,Float64,4,mid,64,1,16.482055,VQC
22,Float64,4,high,64,1,18.591485000000002,VQC
22,Float64,4,spread,64,1,21.099231,VQC
22,ComplexF32,2,low,64,1,17.743419,VQC
22,ComplexF32,2,mid,64,1,15.317781,VQC
22,ComplexF32,2,high,64,1,14.847508000000001,VQC
22,ComplexF32,2,spread,64,1,16.980698,VQC
22,ComplexF32,3,low,64,1,26.694784,VQC
22,ComplexF32,3,mid,64,1,25.518138999999998,VQC
22,ComplexF32,3,high,64,1,24.557672999999998,VQC
22,ComplexF32,3,spread,64,1,27.097154,VQC
22,ComplexF32,4,low,64,1,62.740593999999994,VQC
22,ComplexF32,4,mid,64,1,64.006647,VQC
22,ComplexF32,4,high,64,1,64.696715,VQC
22,ComplexF32,4,spread,64,1,65.618708,VQC
22,ComplexF64,2,low,64,1,23.206738,VQC
22,ComplexF64,2,mid,64,1,20.053117,VQC
22,ComplexF64,2,high,64,1,19.461298,VQC
22,ComplexF64,2,spread,64,1,25.320532999999998,VQC
22,ComplexF64,3,low,64,1,38.274015,VQC
22,ComplexF64,3,mid,64,1,26.02467,VQC
22,ComplexF64,3,high,64,1,27.526331000000003,VQC
22,ComplexF64,3,spread,64,1,27.123062,VQC
22,ComplexF64,4,low,64,1,50.901470999999994,VQC
22,ComplexF64,4,mid,64,1,46.997263,VQC
22,ComplexF64,4,high,64,1,48.352379,VQC
22,ComplexF64,4,spread,64,1,57.975069,VQC
24,Float32,2,low,64,1,30.583572,VQC
24,Float32,2,mid,64,1,25.70844,VQC
24,Float32,2,high,64,1,25.844945000000003,VQC
24,Float32,2,spread,64,1,25.988065000000002,VQC
24,Float32,3,low,64,1,41.409323,VQC
24,Float32,3,mid,64,1,34.405506,VQC
24,Float32,3,high,64,1,36.723666,VQC
24,Float32,3,spread,64,1,35.543881999999996,VQC
24,Float32,4,low,64,1,57.148857,VQC
24,Float32,4,mid,64,1,59.616614,VQC
24,Float32,4,high,64,1,61.045675,VQC
24,Float32,4,spread,64,1,58.897422999999996,VQC
24,Float64,2,low,64,1,40.171761000000004,VQC
24,Float64,2,mid,64,1,36.087314,VQC
24,Float64,2,high,64,1,34.955982,VQC
24,Float64,2,spread,64,1,42.352169,VQC
24,Float64,3,low,64,1,53.217887999999995,VQC
24,Float64,3,mid,64,1,41.367214,VQC
24,Float64,3,high,64,1,44.556336,VQC
24,Float64,3,spread,64,1,43.567465999999996,VQC
24,Float64,4,low,64,1,66.68172799999999,VQC
24,Float64,4,mid,64,1,78.85136399999999,VQC
24,Float64,4,high,64,1,68.36094,VQC
24,Float64,4,spread,64,1,95.23212000000001,VQC
24,ComplexF32,2,low,64,1,66.701414,VQC
24,ComplexF32,2,mid,64,1,56.111481,VQC
24,ComplexF32,2,high,64,1,56.785886,VQC
24,ComplexF32,2,spread,64,1,60.717254,VQC
24,ComplexF32,3,low,64,1,104.492543,VQC
24,ComplexF32,3,mid,64,1,94.933079,VQC
24,ComplexF32,3,high,64,1,99.927475,VQC
24,ComplexF32,3,spread,64,1,93.671443,VQC
24,ComplexF32,4,low,64,1,260.345127,VQC
24,ComplexF32,4,mid,64,1,260.967737,VQC
24,ComplexF32,4,high,64,1,277.995189,VQC
24,ComplexF32,4,spread,64,1,291.05057899999997,VQC
24,ComplexF64,2,low,64,1,100.067004,VQC
24,ComplexF64,2,mid,64,1,78.93352800000001,VQC
24,ComplexF64,2,high,64,1,80.335566,VQC
24,ComplexF64,2,spread,64,1,89.360176,VQC
24,ComplexF64,3,low,64,1,122.927016,VQC
24,ComplexF64,3,mid,64,1,104.824531,VQC
24,ComplexF64,3,high,64,1,110.08671700000001,VQC
24,ComplexF64,3,spread,64,1,106.03193900000001,VQC
24,ComplexF64,4,low,64,1,217.709039,VQC
24,ComplexF64,4,mid,64,1,193.289052,VQC
24,ComplexF64,4,high,64,1,192.558582,VQC
24,ComplexF64,4,spread,64,1,199.01011499999998,VQC
26,Float32,2,low,64,1,129.10227799999998,VQC
26,Float32,2,mid,64,1,101.734553,VQC
26,Float32,2,high,64,1,105.45665899999999,VQC
26,Float32,2,spread,64,1,119.607585,VQC
26,Float32,3,low,64,1,161.339741,VQC
26,Float32,3,mid,64,1,154.489266,VQC
26,Float32,3,high,64,1,145.362043,VQC
26,Float32,3,spread,64,1,140.476939,VQC
26,Float32,4,low,64,1,260.30883,VQC
26,Float32,4,mid,64,1,263.351768,VQC
26,Float32,4,high,64,1,259.45754900000003,VQC
26,Float32,4,spread,64,1,266.048811,VQC
26,Float64,2,low,64,1,230.000341,VQC
26,Float64,2,mid,64,1,168.511789,VQC
26,Float64,2,high,64,1,177.83931,VQC
26,Float64,2,spread,64,1,239.687567,VQC
26,Float64,3,low,64,1,331.11993099999995,VQC
26,Float64,3,mid,64,1,201.013347,VQC
26,Float64,3,high,64,1,205.734317,VQC
26,Float64,3,spread,64,1,208.72539600000002,VQC
26,Float64,4,low,64,1,296.552175,VQC
26,Float64,4,mid,64,1,276.314199,VQC
26,Float64,4,high,64,1,312.25075200000003,VQC
26,Float64,4,spread,64,1,466.11127000000005,VQC
26,ComplexF32,2,low,64,1,305.233865,VQC
26,ComplexF32,2,mid,64,1,262.94346,VQC
26,ComplexF32,2,high,64,1,256.888124,VQC
26,ComplexF32,2,spread,64,1,323.666271,VQC
26,ComplexF32,3,low,64,1,534.471773,VQC
26,ComplexF32,3,mid,64,1,413.38118299999996,VQC
26,ComplexF32,3,high,64,1,430.825478,VQC
26,ComplexF32,3,spread,64,1,404.01932899999997,VQC
26,ComplexF32,4,low,64,1,1098.0257920000001,VQC
26,ComplexF32,4,mid,64,1,1045.1970390000001,VQC
26,ComplexF32,4,high,64,1,1153.617419,VQC
26,ComplexF32,4,spread,64,1,1225.992904,VQC
26,ComplexF64,2,low,64,1,560.593154,VQC
26,ComplexF64,2,mid,64,1,383.375921,VQC
26,ComplexF64,2,high,64,1,391.41188900000003,VQC
26,ComplexF64,2,spread,64,1,409.743799,VQC
26,ComplexF64,3,low,64,1,568.118558,VQC
26,ComplexF64,3,mid,64,1,498.60622,VQC
26,ComplexF64,3,high,64,1,460.47803999999996,VQC
26,ComplexF64,3,spread,64,1,469.671461,VQC
26,ComplexF64,4,low,64,1,910.404145,VQC
26,ComplexF64,4,mid,64,1,809.6824889999999,VQC
26,ComplexF64,4,high,64,1,822.275434,VQC
26,ComplexF64,4,spread,64,1,789.736173,VQC
28,Float32,2,low,64,1,591.007273,VQC
28,Float32,2,mid,64,1,460.23078499999997,VQC
28,Float32,2,high,64,1,448.195085,VQC
28,Float32,2,spread,64,1,517.23059,VQC
28,Float32,3,low,64,1,793.342227,VQC
28,Float32,3,mid,64,1,635.357082,VQC
28,Float32,3,high,64,1,773.295675,VQC
28,Float32,3,spread,64,1,674.977591,VQC
28,Float32,4,low,64,1,1152.5084109999998,VQC
28,Float32,4,mid,64,1,1212.350398,VQC
28,Float32,4,high,64,1,1322.91466,VQC
28,Float32,4,spread,64,1,1249.1070399999999,VQC
28,Float64,2,low,64,1,896.168034,VQC
28,Float64,2,mid,64,1,674.92719,VQC
28,Float64,2,high,64,1,663.23793,VQC
28,Float64,2,spread,64,1,847.109747,VQC
28,Float64,3,low,64,1,1084.601379,VQC
28,Float64,3,mid,64,1,761.3140999999999,VQC
28,Float64,3,high,64,1,760.468359,VQC
28,Float64,3,spread,64,1,767.021968,VQC
28,Float64,4,low,64,1,1174.666988,VQC
28,Float64,4,mid,64,1,1235.8849830000001,VQC
28,Float64,4,high,64,1,1372.522075,VQC
28,Float64,4,spread,64,1,1023.8484779999999,VQC
28,ComplexF32,2,low,64,1,1154.1614200000001,VQC
28,ComplexF32,2,mid,64,1,1037.095414,VQC
28,ComplexF32,2,high,64,1,1000.403825,VQC
28,ComplexF32,2,spread,64,1,1070.563501,VQC
28,ComplexF32,3,low,64,1,1721.2749430000001,VQC
28,ComplexF32,3,mid,64,1,1580.187129,VQC
28,ComplexF32,3,high,64,1,1590.864902,VQC
28,ComplexF32,3,spread,64,1,1629.555646,VQC
28,ComplexF32,4,low,64,1,4410.396427000001,VQC
28,ComplexF32,4,mid,64,1,4483.633608,VQC
28,ComplexF32,4,high,64,1,4502.157933,VQC
28,ComplexF32,4,spread,64,1,4360.0404260000005,VQC
28,ComplexF64,2,low,64,1,1806.933064,VQC
28,ComplexF64,2,mid,64,1,1312.577634,VQC
28,ComplexF64,2,high,64,1,1327.5950679999999,VQC
28,ComplexF64,2,spread,64,1,1561.214158,VQC
28,ComplexF64,3,low,64,1,2266.273808,VQC
28,ComplexF64,3,mid,64,1,1922.1029409999999,VQC
28,ComplexF64,3,high,64,1,1978.712353,VQC
28,ComplexF64,3,spread,64,1,1953.217907,VQC
28,ComplexF64,4,low,64,1,3638.0759519999997,VQC
28,ComplexF64,4,mid,64,1,3421.8513239999997,VQC
28,ComplexF64,4,high,64,1,3453.875249,VQC
28,ComplexF64,4,spread,64,1,3209.383517,VQC
